[{"id":1,"username":"admin","password":"123456","nickname":"千锋教育","identity":"超级管理员","gender":"男","age":18,"createTime":1622087544072,"updateTime":1622289180926,"cart":[]},{"id":2,"username":"guoxiang","password":"gx123456","nickname":"前端小灰狼","identity":"二阶段讲师","gender":"男","age":18,"createTime":1622087544072,"updateTime":1622087544072,"cart":[]},{"id":3,"username":"zhangyuning","password":"zyn123456","nickname":"贫嘴张大民","identity":"二阶段讲师","gender":"男","age":59,"createTime":1622087544072,"updateTime":1622087544072,"cart":[]},{"id":4,"username":"yanghuaizhi","password":"yhz123456","nickname":"公羊无衣","identity":"二阶段讲师","gender":"男","age":19,"createTime":1622087544072,"updateTime":1622087544072,"cart":[]},{"id":5,"username":"liyingli","password":"lyl123456","nickname":"码小花","identity":"一阶段讲师","gender":"女","age":20,"createTime":1622087544072,"updateTime":1622087544072,"cart":[]},{"id":6,"username":"liyong","password":"ly123456","nickname":"铁牛哥哥","identity":"一阶段讲师","gender":"女","age":17,"createTime":1622087544072,"updateTime":1622532756548,"cart":[]},{"id":7,"username":"lurongtao","password":"lrt123456","nickname":"古艺散人","identity":"三阶段讲师","gender":"男","age":18,"createTime":1622087544072,"updateTime":1622087544072,"cart":[]},{"id":8,"username":"abcd1234","password":"123456","nickname":"老张","identity":"学生","gender":"","age":"","createTime":1624325036492,"updateTime":1624325036492,"cart":[]},{"id":9,"username":"abcd1","password":"123456","nickname":"老张","identity":"学生","gender":"","age":"","createTime":1624325072160,"updateTime":1624325072160,"cart":[]},{"id":10,"username":"张三","password":"123456","nickname":"老张","identity":"学生","gender":"","age":"","createTime":1624325308146,"updateTime":1624325308146,"cart":[]},{"id":11,"username":"李四","password":"123456","nickname":"老李","identity":"学生","gender":"","age":"","createTime":1624325519753,"updateTime":1624325519753,"cart":[]},{"id":12,"username":"王五","password":"123456","nickname":"老王","identity":"学生","gender":"","age":"","createTime":1624325669606,"updateTime":1624325669606,"cart":[]},{"id":13,"username":"赵六","password":"123456","nickname":"老赵","identity":"学生","gender":"","age":"","createTime":1624325809677,"updateTime":1624325809677,"cart":[]},{"id":14,"username":"刘七","password":"123456","nickname":"老刘","identity":"学生","gender":"","age":"","createTime":1624325901892,"updateTime":1624325901892,"cart":[]},{"id":15,"username":"aaaa","password":"123456","nickname":"奥奥奥","identity":"学生","gender":"","age":"","createTime":1624325967450,"updateTime":1624325967450,"cart":[]},{"id":16,"username":"cccc","password":"123456","nickname":"123","identity":"学生","gender":"","age":"","createTime":1624342633380,"updateTime":1624342633380,"cart":[]},{"id":17,"username":"dddd","password":"123456","nickname":"12343","identity":"学生","gender":"","age":"","createTime":1624342670024,"updateTime":1624342670024,"cart":[]},{"id":18,"username":"1234567","password":"1234567","nickname":"1234567","identity":"学生","gender":"","age":"","createTime":1624343670977,"updateTime":1624343670977,"cart":[]},{"id":19,"username":"abcdef","password":"abcdef","nickname":"张33","identity":"学生","gender":"","age":"","createTime":1639448364798,"updateTime":1639448364798,"cart":[]},{"id":20,"username":"111111","password":"111111","nickname":"1111","identity":"学生","gender":"","age":"","createTime":1639449487284,"updateTime":1639449487284,"cart":[]},{"id":21,"username":"1111111","password":"1111111","nickname":"1111111","identity":"学生","gender":"","age":"","createTime":1639449636380,"updateTime":1639449636380,"cart":[]},{"id":22,"username":"3333333","password":"3333333","nickname":"3333333","identity":"学生","gender":"","age":"","createTime":1639465061125,"updateTime":1639465061125,"cart":[]},{"id":23,"username":"444444","password":"444444","nickname":"444444","identity":"学生","gender":"","age":"","createTime":1639465428330,"updateTime":1639465428330,"cart":[]},{"id":24,"username":"aaaaaa","password":"aaaaaa","nickname":"aaaaaa","identity":"学生","gender":"","age":"","createTime":1639531052441,"updateTime":1639531052441,"cart":[]},{"id":25,"username":"aaaaaa1","password":"aaaaaa","nickname":"aaaaaa","identity":"学生","gender":"","age":"","createTime":1639531101907,"updateTime":1639531101907,"cart":[]},{"id":26,"username":"aaaaaa2","password":"aaaaaa","nickname":"aaaaaa","identity":"学生","gender":"","age":"","createTime":1639531144177,"updateTime":1639531144177,"cart":[]},{"id":27,"username":"aaaaaa3","password":"aaaaaa","nickname":"aaaaaa","identity":"学生","gender":"","age":"","createTime":1639531334856,"updateTime":1639531334856,"cart":[]},{"id":28,"username":"aaaaaa4","password":"aaaaaa","nickname":"aaaaaa","identity":"学生","gender":"","age":"","createTime":1639531414837,"updateTime":1639531414837,"cart":[]},{"id":29,"username":"aaaaaa5","password":"aaaaaa","nickname":"aaaaaa","identity":"学生","gender":"","age":"","createTime":1639531632847,"updateTime":1639531632847,"cart":[]},{"id":30,"username":"aaaaaa6","password":"aaaaaa","nickname":"aaaaaa","identity":"学生","gender":"","age":"","createTime":1639531694377,"updateTime":1639531694377,"cart":[]},{"id":31,"username":"aaaaaa7","password":"aaaaaa","nickname":"aaaaaa","identity":"学生","gender":"","age":"","createTime":1639534102543,"updateTime":1639534102543,"cart":[]},{"id":32,"username":"aaaaaa8","password":"aaaaaa","nickname":"aaaaaa","identity":"学生","gender":"","age":"","createTime":1639534316636,"updateTime":1639534316636,"cart":[]},{"id":33,"username":"aaaaaa9","password":"aaaaaa","nickname":"aaaaaa","identity":"学生","gender":"","age":"","createTime":1639534500498,"updateTime":1639534500498,"cart":[]},{"id":34,"username":"aaaaaa10","password":"aaaaaa","nickname":"aaaaaa","identity":"学生","gender":"","age":"","createTime":1639536550257,"updateTime":1639536550257,"cart":[]},{"id":35,"username":"aaaaaa11","password":"aaaaaa","nickname":"aaaaaa","identity":"学生","gender":"","age":"","createTime":1639537270369,"updateTime":1639537270369,"cart":[]},{"id":36,"username":"aaaaaa12","password":"aaaaaa","nickname":"aaaaaa","identity":"学生","gender":"","age":"","createTime":1639537403920,"updateTime":1639537403920,"cart":[]},{"id":37,"username":"aaaaaa13","password":"aaaaaa","nickname":"aaaaaa","identity":"学生","gender":"","age":"","createTime":1639537433799,"updateTime":1639537433799,"cart":[]},{"id":38,"username":"123456","password":"123456","nickname":"123456","identity":"学生","gender":"","age":"","createTime":1639539929636,"updateTime":1639539929637,"cart":[]},{"id":39,"username":"1234561","password":"1234561","nickname":"1234561","identity":"学生","gender":"","age":"","createTime":1639539976297,"updateTime":1639539976297,"cart":[]},{"id":40,"username":"1234562","password":"1234562","nickname":"1234562","identity":"学生","gender":"","age":"","createTime":1639540007563,"updateTime":1639540007563,"cart":[]},{"id":41,"username":"1234564","password":"1234564","nickname":"1234564","identity":"学生","gender":"","age":"","createTime":1639540197984,"updateTime":1639540197984,"cart":[]},{"id":42,"username":"aaaaaa14","password":"aaaaaa","nickname":"aaaaaa","identity":"学生","gender":"","age":"","createTime":1639548516434,"updateTime":1639548516434,"cart":[]},{"id":43,"username":"aaaaaa15","password":"aaaaaa","nickname":"aaaaaa","identity":"学生","gender":"","age":"","createTime":1639548602500,"updateTime":1639548602500,"cart":[]},{"id":44,"username":"12345671","password":"12345671","nickname":"12345671","identity":"学生","gender":"","age":"","createTime":1639549362858,"updateTime":1639549362858,"cart":[]},{"id":45,"username":"zzzzzz1","password":"zzzzzz1","nickname":"zzzzzz1","identity":"学生","gender":"","age":"","createTime":1640072495780,"updateTime":1640072495780,"cart":[]},{"id":46,"username":"zzzzzz2","password":"zzzzzz1","nickname":"zzzzzz1","identity":"学生","gender":"","age":"","createTime":1640072595663,"updateTime":1640072595663,"cart":[]},{"id":47,"username":"zzzzzz3","password":"zzzzzz1","nickname":"zzzzzz1","identity":"学生","gender":"","age":"","createTime":1640072618547,"updateTime":1640072618547,"cart":[]},{"id":48,"username":"zzzzzz4","password":"zzzzzz1","nickname":"zzzzzz1","identity":"学生","gender":"","age":"","createTime":1640072717219,"updateTime":1640072717219,"cart":[]},{"id":49,"username":"zzzzzz5","password":"zzzzzz1","nickname":"zzzzzz1","identity":"学生","gender":"","age":"","createTime":1640072863732,"updateTime":1640072863732,"cart":[]},{"id":50,"username":"zzzzzz6","password":"zzzzzz1","nickname":"zzzzzz1","identity":"学生","gender":"","age":"","createTime":1640072935710,"updateTime":1640072935710,"cart":[]}]